bus_id,vm_pu,va_degree,p_mw,q_mvar
30,1.0,-24.572824733575764,-93.89999999999999,12.909093327522278
45,0.9999999999999998,-26.084497769861024,824.0699999999999,-192.51478320121765
46,0.9938929554988536,-4.046680045698913,70.0,23.00999999999999
60,0.9860802843339849,-22.113749296548665,120.0,39.44
61,0.9880303937311443,-17.58886153543988,80.0,26.29000000000002
62,1.0,-3.433256689624863,-64.84000000000015,-24.971768274307237
76,0.9929939483685873,-21.310443472699436,9.800000000000182,5.900000000000034
77,0.9553348872859935,-18.16584816958233,149.72000000000003,53.44999999999999
78,0.9763646174827223,-9.223628283884642,0.0,0.0
79,0.9999999999999997,-17.560490932201567,-138.12999999999988,-176.57943851470952
80,0.9999999999999998,-3.3592930214740524,-109.73000000000002,18.185678863525368
105,0.9849714104368859,-23.477367386564683,274.6300000000001,94.68000000000006
106,1.0,-22.30643417374226,305.2399999999998,-221.7520175504685
107,0.9999999999999999,-7.273523713434591,-219.6099999999999,-67.51909077167511
108,1.0,0.0,-1334.1464503773623,-142.38536385414864
109,0.9991058221258688,-17.982376193460457,6.190000000000055,3.310000000000059
138,0.9841513086475905,-23.436999947999688,0.580000000000382,6.2700000000000955
139,0.9999999999999996,-22.72818604972165,-36.48000000000002,-115.96985915184018
141,1.0,-19.63777240629962,363.21000000000004,-162.82359609603873
161,1.0000000000000002,19.71812310679074,-300.2199999999998,-44.357439885139456
176,0.983461977266905,-23.356385354671378,-7.849999999999909,5.5
